[
    {
        "timestamp": "2025-05-05 05:29:45",
        "message": "Invalid CSRF token",
        "context": {
            "request_data": {
                "action": "create",
                "title": "test",
                "language": "html",
                "code": "   <script src=\"https:\/\/cdn.tailwindcss.com\"><\/script>",
                "__test": "ce1873ba8c3fb05232ad65d1a0c59073",
                "PHPSESSID": "bbdb8f1b9aa6f2b2a70141c8e0731d79"
            },
            "backtrace": [
                {
                    "file": "\/home\/vol10_8\/infinityfree.com\/if0_38660269\/htdocs\/gitHub\/snippets\/snippets.php",
                    "line": 107,
                    "function": "respond"
                },
                {
                    "file": "\/home\/vol10_8\/infinityfree.com\/if0_38660269\/htdocs\/gitHub\/snippets\/snippets.php",
                    "line": 551,
                    "function": "verifyCsrfToken"
                },
                {
                    "file": "\/home\/vol10_8\/infinityfree.com\/if0_38660269\/htdocs\/gitHub\/snippets\/snippets.php",
                    "line": 799,
                    "function": "createSnippet"
                },
                {
                    "file": "\/home\/vol10_8\/infinityfree.com\/if0_38660269\/htdocs\/gitHub\/snippets\/snippets.php",
                    "line": 825,
                    "function": "processRequest"
                }
            ]
        },
        "ip": "174.203.36.20",
        "request": "POST \/gitHub\/snippets\/snippets.php"
    }
]